{
  "token_acc":1.0,
  "token_p":1.0,
  "token_r":1.0,
  "token_f":1.0,
  "ents_p":0.5671641791,
  "ents_r":0.4606060606,
  "ents_f":0.508361204,
  "ents_per_type":{
    "FATALITIES":{
      "p":0.2307692308,
      "r":0.1276595745,
      "f":0.1643835616
    },
    "BD_UPAZILA":{
      "p":0.4090909091,
      "r":0.25,
      "f":0.3103448276
    },
    "BD_DISTRICT":{
      "p":0.7286821705,
      "r":0.8173913043,
      "f":0.7704918033
    },
    "DISPLACED":{
      "p":0.1764705882,
      "r":0.15,
      "f":0.1621621622
    },
    "CROPS_AFFECTED":{
      "p":0.0,
      "r":0.0,
      "f":0.0
    },
    "BD_UNION":{
      "p":0.7142857143,
      "r":0.2777777778,
      "f":0.4
    },
    "AGENCIES_INVOLVED":{
      "p":0.6296296296,
      "r":0.5573770492,
      "f":0.5913043478
    },
    "DISASTER_TYPE":{
      "p":0.0,
      "r":0.0,
      "f":0.0
    },
    "MISSING":{
      "p":0.5,
      "r":0.3333333333,
      "f":0.4
    }
  },
  "speed":5819.8849294293
}