{
  "token_acc":1.0,
  "token_p":1.0,
  "token_r":1.0,
  "token_f":1.0,
  "ents_p":0.6594594595,
  "ents_r":0.5583524027,
  "ents_f":0.604708798,
  "ents_per_type":{
    "FATALITIES":{
      "p":0.3823529412,
      "r":0.2452830189,
      "f":0.2988505747
    },
    "BD_UPAZILA":{
      "p":0.5,
      "r":0.3513513514,
      "f":0.4126984127
    },
    "BD_DISTRICT":{
      "p":0.8461538462,
      "r":0.9108280255,
      "f":0.8773006135
    },
    "BD_UNION":{
      "p":1.0,
      "r":0.0666666667,
      "f":0.125
    },
    "DISPLACED":{
      "p":0.1875,
      "r":0.1578947368,
      "f":0.1714285714
    },
    "AGENCIES_INVOLVED":{
      "p":0.6181818182,
      "r":0.53125,
      "f":0.5714285714
    },
    "RELIEF_INFO":{
      "p":0.1538461538,
      "r":0.1333333333,
      "f":0.1428571429
    },
    "DISASTER_TYPE":{
      "p":0.7021276596,
      "r":0.8048780488,
      "f":0.75
    },
    "AFFECTED_PEOPLE":{
      "p":0.125,
      "r":0.0588235294,
      "f":0.08
    },
    "MISSING":{
      "p":0.0,
      "r":0.0,
      "f":0.0
    }
  },
  "speed":6456.2089921358
}