{
  "lang":"en",
  "name":"pipeline",
  "version":"0.0.0",
  "spacy_version":">=3.8.13,<3.9.0",
  "description":"",
  "author":"",
  "email":"",
  "url":"",
  "license":"",
  "spacy_git_version":"fdca647",
  "vectors":{
    "width":0,
    "vectors":0,
    "keys":0,
    "name":null,
    "mode":"default"
  },
  "labels":{
    "tok2vec":[

    ],
    "ner":[
      "AFFECTED_PEOPLE",
      "AGENCIES_INVOLVED",
      "BD_DISTRICT",
      "BD_UNION",
      "BD_UPAZILA",
      "CROPS_AFFECTED",
      "DISASTER_TYPE",
      "DISPLACED",
      "EVENT_DATE",
      "FATALITIES",
      "INFRASTRUCTURE_DAMAGED",
      "INJURED",
      "MISSING",
      "RELIEF_INFO",
      "SECONDARY_HAZARD"
    ]
  },
  "pipeline":[
    "tok2vec",
    "ner"
  ],
  "components":[
    "tok2vec",
    "ner"
  ],
  "disabled":[

  ],
  "performance":{
    "ents_f":0.3982808023,
    "ents_p":0.4617940199,
    "ents_r":0.3501259446,
    "ents_per_type":{
      "BD_UPAZILA":{
        "p":0.3529411765,
        "r":0.3529411765,
        "f":0.3529411765
      },
      "BD_DISTRICT":{
        "p":0.7289719626,
        "r":0.7358490566,
        "f":0.7323943662
      },
      "INFRASTRUCTURE_DAMAGED":{
        "p":0.1,
        "r":0.037037037,
        "f":0.0540540541
      },
      "CROPS_AFFECTED":{
        "p":0.25,
        "r":0.0909090909,
        "f":0.1333333333
      },
      "AGENCIES_INVOLVED":{
        "p":0.5272727273,
        "r":0.4915254237,
        "f":0.5087719298
      },
      "BD_UNION":{
        "p":0.8333333333,
        "r":0.2777777778,
        "f":0.4166666667
      },
      "DISPLACED":{
        "p":0.2222222222,
        "r":0.1,
        "f":0.1379310345
      },
      "FATALITIES":{
        "p":0.2272727273,
        "r":0.1063829787,
        "f":0.1449275362
      },
      "RELIEF_INFO":{
        "p":0.0,
        "r":0.0,
        "f":0.0
      },
      "EVENT_DATE":{
        "p":0.2307692308,
        "r":0.1875,
        "f":0.2068965517
      },
      "AFFECTED_PEOPLE":{
        "p":0.2,
        "r":0.1428571429,
        "f":0.1666666667
      },
      "SECONDARY_HAZARD":{
        "p":0.0,
        "r":0.0,
        "f":0.0
      },
      "DISASTER_TYPE":{
        "p":0.0,
        "r":0.0,
        "f":0.0
      },
      "MISSING":{
        "p":0.3333333333,
        "r":0.3333333333,
        "f":0.3333333333
      }
    },
    "tok2vec_loss":8395.3329919255,
    "ner_loss":841.4730834961
  }
}