{
  "lang":"en",
  "name":"pipeline",
  "version":"0.0.0",
  "spacy_version":">=3.8.13,<3.9.0",
  "description":"",
  "author":"",
  "email":"",
  "url":"",
  "license":"",
  "spacy_git_version":"fdca647",
  "vectors":{
    "width":0,
    "vectors":0,
    "keys":0,
    "name":null,
    "mode":"default"
  },
  "labels":{
    "tok2vec":[

    ],
    "ner":[
      "AGENCIES_INVOLVED",
      "BD_DISTRICT",
      "BD_UNION",
      "BD_UPAZILA",
      "CROPS_AFFECTED",
      "DISASTER_TYPE",
      "DISPLACED",
      "FATALITIES",
      "INJURED",
      "MISSING"
    ]
  },
  "pipeline":[
    "tok2vec",
    "ner"
  ],
  "components":[
    "tok2vec",
    "ner"
  ],
  "disabled":[

  ],
  "performance":{
    "ents_f":0.4844720497,
    "ents_p":0.4968152866,
    "ents_r":0.4727272727,
    "ents_per_type":{
      "BD_UPAZILA":{
        "p":0.48,
        "r":0.3333333333,
        "f":0.393442623
      },
      "BD_UNION":{
        "p":0.3846153846,
        "r":0.2777777778,
        "f":0.3225806452
      },
      "BD_DISTRICT":{
        "p":0.6865671642,
        "r":0.8,
        "f":0.7389558233
      },
      "AGENCIES_INVOLVED":{
        "p":0.5285714286,
        "r":0.606557377,
        "f":0.5648854962
      },
      "DISPLACED":{
        "p":0.0833333333,
        "r":0.05,
        "f":0.0625
      },
      "CROPS_AFFECTED":{
        "p":0.2,
        "r":0.0909090909,
        "f":0.125
      },
      "FATALITIES":{
        "p":0.2,
        "r":0.1276595745,
        "f":0.1558441558
      },
      "DISASTER_TYPE":{
        "p":0.0454545455,
        "r":0.0526315789,
        "f":0.0487804878
      },
      "MISSING":{
        "p":0.3333333333,
        "r":0.3333333333,
        "f":0.3333333333
      }
    },
    "tok2vec_loss":2286.747214762,
    "ner_loss":963.9083862305
  }
}