{
  "lang":"en",
  "name":"pipeline",
  "version":"0.0.0",
  "spacy_version":">=3.8.13,<3.9.0",
  "description":"",
  "author":"",
  "email":"",
  "url":"",
  "license":"",
  "spacy_git_version":"fdca647",
  "vectors":{
    "width":0,
    "vectors":0,
    "keys":0,
    "name":null,
    "mode":"default"
  },
  "labels":{
    "tok2vec":[

    ],
    "ner":[
      "AFFECTED_PEOPLE",
      "AGENCIES_INVOLVED",
      "BD_DISTRICT",
      "BD_UNION",
      "BD_UPAZILA",
      "CROPS_AFFECTED",
      "DISASTER_TYPE",
      "DISPLACED",
      "EVENT_DATE",
      "FATALITIES",
      "INFRASTRUCTURE_DAMAGED",
      "INJURED",
      "MISSING",
      "RELIEF_INFO",
      "SECONDARY_HAZARD"
    ]
  },
  "pipeline":[
    "tok2vec",
    "ner"
  ],
  "components":[
    "tok2vec",
    "ner"
  ],
  "disabled":[

  ],
  "performance":{
    "ents_f":0.4207723036,
    "ents_p":0.4463276836,
    "ents_r":0.3979848866,
    "ents_per_type":{
      "BD_DISTRICT":{
        "p":0.654676259,
        "r":0.858490566,
        "f":0.7428571429
      },
      "BD_UPAZILA":{
        "p":0.4814814815,
        "r":0.3823529412,
        "f":0.4262295082
      },
      "AGENCIES_INVOLVED":{
        "p":0.6458333333,
        "r":0.5254237288,
        "f":0.5794392523
      },
      "INFRASTRUCTURE_DAMAGED":{
        "p":0.0,
        "r":0.0,
        "f":0.0
      },
      "BD_UNION":{
        "p":0.625,
        "r":0.2777777778,
        "f":0.3846153846
      },
      "DISPLACED":{
        "p":0.2105263158,
        "r":0.2,
        "f":0.2051282051
      },
      "CROPS_AFFECTED":{
        "p":1.0,
        "r":0.0909090909,
        "f":0.1666666667
      },
      "FATALITIES":{
        "p":0.1891891892,
        "r":0.1489361702,
        "f":0.1666666667
      },
      "RELIEF_INFO":{
        "p":0.1111111111,
        "r":0.1333333333,
        "f":0.1212121212
      },
      "EVENT_DATE":{
        "p":0.1111111111,
        "r":0.0625,
        "f":0.08
      },
      "AFFECTED_PEOPLE":{
        "p":0.0833333333,
        "r":0.0714285714,
        "f":0.0769230769
      },
      "DISASTER_TYPE":{
        "p":0.0526315789,
        "r":0.0588235294,
        "f":0.0555555556
      },
      "SECONDARY_HAZARD":{
        "p":0.0,
        "r":0.0,
        "f":0.0
      },
      "MISSING":{
        "p":0.3333333333,
        "r":0.3333333333,
        "f":0.3333333333
      },
      "INJURED":{
        "p":0.0,
        "r":0.0,
        "f":0.0
      }
    },
    "tok2vec_loss":3607.4762521496,
    "ner_loss":1087.3266601562
  }
}