{
  "lang":"en",
  "name":"pipeline",
  "version":"0.0.0",
  "spacy_version":">=3.8.13,<3.9.0",
  "description":"",
  "author":"",
  "email":"",
  "url":"",
  "license":"",
  "spacy_git_version":"fdca647",
  "vectors":{
    "width":0,
    "vectors":0,
    "keys":0,
    "name":null,
    "mode":"default"
  },
  "labels":{
    "tok2vec":[

    ],
    "ner":[
      "AFFECTED_PEOPLE",
      "AGENCIES_INVOLVED",
      "BD_DISTRICT",
      "BD_UNION",
      "BD_UPAZILA",
      "DISASTER_TYPE",
      "DISPLACED",
      "FATALITIES",
      "MISSING",
      "RELIEF_INFO"
    ]
  },
  "pipeline":[
    "tok2vec",
    "ner"
  ],
  "components":[
    "tok2vec",
    "ner"
  ],
  "disabled":[

  ],
  "performance":{
    "ents_f":0.604708798,
    "ents_p":0.6594594595,
    "ents_r":0.5583524027,
    "ents_per_type":{
      "FATALITIES":{
        "p":0.3823529412,
        "r":0.2452830189,
        "f":0.2988505747
      },
      "BD_UPAZILA":{
        "p":0.5,
        "r":0.3513513514,
        "f":0.4126984127
      },
      "BD_DISTRICT":{
        "p":0.8461538462,
        "r":0.9108280255,
        "f":0.8773006135
      },
      "BD_UNION":{
        "p":1.0,
        "r":0.0666666667,
        "f":0.125
      },
      "AGENCIES_INVOLVED":{
        "p":0.6181818182,
        "r":0.53125,
        "f":0.5714285714
      },
      "DISPLACED":{
        "p":0.1875,
        "r":0.1578947368,
        "f":0.1714285714
      },
      "RELIEF_INFO":{
        "p":0.1538461538,
        "r":0.1333333333,
        "f":0.1428571429
      },
      "DISASTER_TYPE":{
        "p":0.7021276596,
        "r":0.8048780488,
        "f":0.75
      },
      "AFFECTED_PEOPLE":{
        "p":0.125,
        "r":0.0588235294,
        "f":0.08
      },
      "MISSING":{
        "p":0.0,
        "r":0.0,
        "f":0.0
      }
    },
    "tok2vec_loss":5660.4384874677,
    "ner_loss":4966.8369140625
  }
}