{
  "lang":"en",
  "name":"pipeline",
  "version":"0.0.0",
  "spacy_version":">=3.8.13,<3.9.0",
  "description":"",
  "author":"",
  "email":"",
  "url":"",
  "license":"",
  "spacy_git_version":"fdca647",
  "vectors":{
    "width":0,
    "vectors":0,
    "keys":0,
    "name":null,
    "mode":"default"
  },
  "labels":{
    "tok2vec":[

    ],
    "ner":[
      "AFFECTED_PEOPLE",
      "AGENCIES_INVOLVED",
      "BD_DISTRICT",
      "BD_UNION",
      "BD_UPAZILA",
      "DISASTER_TYPE",
      "DISPLACED",
      "FATALITIES",
      "MISSING",
      "RELIEF_INFO"
    ]
  },
  "pipeline":[
    "tok2vec",
    "ner"
  ],
  "components":[
    "tok2vec",
    "ner"
  ],
  "disabled":[

  ],
  "performance":{
    "ents_f":0.5920577617,
    "ents_p":0.6243654822,
    "ents_r":0.5629290618,
    "ents_per_type":{
      "DISPLACED":{
        "p":0.3181818182,
        "r":0.3684210526,
        "f":0.3414634146
      },
      "FATALITIES":{
        "p":0.3902439024,
        "r":0.3018867925,
        "f":0.3404255319
      },
      "BD_DISTRICT":{
        "p":0.8192771084,
        "r":0.8662420382,
        "f":0.8421052632
      },
      "BD_UPAZILA":{
        "p":0.5,
        "r":0.3783783784,
        "f":0.4307692308
      },
      "AGENCIES_INVOLVED":{
        "p":0.53125,
        "r":0.53125,
        "f":0.53125
      },
      "BD_UNION":{
        "p":1.0,
        "r":0.1666666667,
        "f":0.2857142857
      },
      "RELIEF_INFO":{
        "p":0.2,
        "r":0.2,
        "f":0.2
      },
      "DISASTER_TYPE":{
        "p":0.7073170732,
        "r":0.7073170732,
        "f":0.7073170732
      },
      "AFFECTED_PEOPLE":{
        "p":0.1,
        "r":0.0588235294,
        "f":0.0740740741
      },
      "MISSING":{
        "p":0.5,
        "r":0.25,
        "f":0.3333333333
      }
    },
    "tok2vec_loss":1814.3100151,
    "ner_loss":1228.8527832031
  }
}